Column_1,Column_2,Column_3,Column_4,Column_5
41.97248238023437,1042.1377027402102,228.13969865280066,2381.4365128969525,1632.1086331506624
334.8138538861659,39.374037692301755,1804.3474577559505,411.72913330281216,1200.8062010221115
430.77876184486803,1324.2416063654014,818.9689702548081,554.4439239342756,292.38289546328406
378.2159319321798,916.2795014890642,274.17829312040783,2510.0989032503353,3265.437226189639
399.64992747818013,344.2699930363965,1437.2781043353064,535.6686624200536,2130.3274446157566
888.5659510412222,1100.7201079726626,1128.6926271479729,1146.243979406947,6.018973573182861
483.57024680486006,1004.5569911572042,732.774632804361,917.2061098466338,213.02865314731548
1207.3930154029897,1001.7534526346775,1984.8266473674385,2096.0467652033435,3138.6701580140443
1286.9197673874173,1356.3540071142666,777.3627240066025,362.58170402969733,809.1761653244465
705.5630086529073,287.78500530050735,871.7682990677506,339.41383176516837,786.363752531387
375.7035156630871,677.976461960039,1252.6079451199348,3247.4037043274,1207.1814196967225
434.4072425659296,664.1029348952607,1248.4675676102906,391.5232546654553,713.2551933609418
854.5421796513904,439.5603200758181,23.577240462255848,540.1429617932296,55.56307337100246
466.87036469265433,1360.4862222479592,697.9365018038685,654.6759982763291,1487.4268456827492
792.5228723347223,1103.247193802871,1865.3759770226413,785.529508810126,1881.2614432812102
852.657857889032,645.8143631961183,427.4409076450807,820.0130560991005,343.66396716681373
452.92817453729816,506.3281625472196,1063.3733974466322,278.0953034311488,2115.831634527451
831.8903822253499,993.247983437976,171.32727679865374,3235.7309501206846,1037.8268995458056
1241.6240645709556,37.53048536838451,547.2981906539889,196.75279013392793,1765.8949094539282
831.650720729971,1525.493012800199,380.0333966992824,82.42037628566936,2389.4554368477134
554.5802722779599,934.0880665396015,287.3578584010274,55.54126634766062,1807.678225847487
387.3931870602689,1537.7728800975995,381.1884321322629,2507.6230202089955,398.9730982275521
362.4997149140869,140.23226892618703,2341.6791017751893,190.5019239084267,917.7398370299445
392.66002892403486,788.7139541030583,2024.9392561269453,180.38986784238213,1535.0324759069022
348.0176557183147,989.3229344659745,283.479265848449,281.67923845315613,777.3501501674648
1243.0876799432363,476.76751692626965,937.6000882390896,251.5504444090749,1858.968684521494
577.359111811067,1137.8532839275974,539.027692462082,1986.9566398018615,637.2302716858793
686.6740942237793,993.5387980453827,854.435629393175,716.0088124317429,235.03691176953407
396.0621944924166,957.4104109547944,226.181853872063,110.905048310207,14.60885644692258
368.5031617283472,1884.2514987426066,1897.2404000780298,982.7390455074687,599.6571813659696
1056.3413313203796,1000.475060987204,1270.1123101435762,393.9613547509479,2268.2675299603884
581.202661479185,113.78074824995961,749.6830657379048,1215.3082664640551,309.46292732649675
149.95721383585618,689.4079977183995,879.4316179470652,1362.961563060469,1147.1438656471018
791.9533321275841,544.6533290731786,890.3105789138813,1853.684287009993,641.0732602154361
470.2368606890349,121.14772895577563,1788.1038975497515,7.793900941349881,939.8341406019599
546.5460846504614,1870.7345692219942,304.967058297691,11.774412676348527,360.17898679656474
632.3195977545568,1217.6455588312958,145.8393276967959,1420.9283151507454,31.576658662139085
476.8196664603981,981.6213554745934,1418.8769680068012,804.5296879442988,2261.063767832835
1107.2063282255504,1018.184101299038,359.98919937823723,2029.1676949954758,1515.0732433569729
405.91423473689383,863.5329849847535,1484.4795571269613,532.5638600329469,2450.67291305495
369.7017046770571,761.6252678986244,746.4570607667383,596.9126627952509,2770.6369255439236
899.4089313803267,819.7780599034402,1345.9132115196833,664.731971925358,1013.6756973749493
911.3119654473767,253.55260827718809,2212.3718042246223,1235.5784638793762,1423.0107756909342
756.0789439969057,149.92978014201196,112.43421574436118,1648.3412996351683,205.5158783966345
129.31647496631032,1158.2027314095676,1317.553558677543,1211.214928495361,1922.3515027633946
235.99043526410819,1014.0007450844053,758.6006817092817,634.3301927111124,1820.0956904757002
799.1437665346148,1132.691317623164,1684.221333227439,2027.2844877680413,22.211909852785933
232.59648282021254,552.8525282695623,1818.2155631152052,2646.3292213584277,403.0995502087535
953.0048401915886,1438.6631250271928,1324.4495843237898,389.2508275131447,1183.1739258457299
288.2175050814221,87.12302437626474,748.3135765673695,272.52558042278014,2723.5759586935765
384.57290982137835,425.9837130789194,30.410912324323387,1801.8698293482958,1852.608174146986
639.6098859647959,887.3090543797256,770.0606017332437,1603.0289708894793,2309.469208411762
145.54156055779248,798.598366615462,155.79316511892497,2217.081093857361,821.7428089868404
232.92948957241688,517.1835102953899,1257.0278978291028,282.3101788235606,2464.1687542708673
437.6315214054919,1056.3685192689209,246.1667536943532,966.7146297119829,7.675531968926111
1412.535506728057,649.6047290848261,826.9405345653612,546.689199138147,1211.7584407378922
632.4361674090409,344.19861197083026,698.97596759776,698.294288324596,1158.0684505483098
501.4553703862528,541.9235539560741,1356.8113724127397,198.68328355538907,318.1532296376798
1168.8224108070856,103.52244381163314,1084.6597624551869,520.8520529149475,1575.511343944093
905.7345753589034,179.65993537173895,1124.8788195068848,1615.193863045293,0.35183752522540834
443.28773963083927,1328.7497707119214,565.643890135822,2545.3448533420483,1457.0286990942661
995.9169523834798,485.17545048281437,611.9265888885565,527.0876624196884,801.2810755043731
363.70014594812386,427.48994558108404,774.1938636872102,813.0398211031651,250.7805093129319
34.394586581560944,374.3930167683396,554.9984730514353,1346.816485050585,488.2500323241104
957.586161248023,1595.3516654742225,1607.510000676128,908.4883105538008,2999.1381582469953
429.32360973118085,495.34981385485537,97.73650810406245,774.4693486224419,280.72074689390166
747.1541490174014,376.5511385165485,41.10694943851544,1051.6178548865273,332.68357428499024
430.41632248105384,499.0726300045786,1678.8890671429092,2032.1859151737513,1047.8664621675168
647.8753615077916,139.34236630167638,371.96305022479044,1111.7674970805874,2270.359261133143
505.96249109991885,194.4458056152832,1400.6048565487422,1896.989854579531,174.31710574106333
310.40126620870745,239.71966680088298,218.0905834312381,1081.5118065451654,1586.1064188714897
1280.8110871871825,279.0559634278227,1292.3500568934624,233.699050003124,2595.709452376214
150.6103344712907,427.37909340721126,1480.128108676515,2780.818435400103,2167.9177812247513
1212.963705964367,609.222986370964,373.0392931634704,1567.4764989322466,1406.7136448701142
396.2002187877964,947.1963845199026,253.86131043715082,1425.4399207538745,498.6143901073108
843.5854492658577,331.89230439663936,379.8071760167524,891.0688900995664,810.1743345297036
944.0274145381854,688.2062493093816,254.8178406262876,607.3221867534658,3473.802591635437
303.25627270775647,183.8955976804312,887.0050668980823,2484.5580914373345,935.6564161887268
827.1881142753316,994.7114994995934,344.8613615410585,657.7853580055724,222.06581666178684
1232.1225166801325,414.52762579006685,1451.1256703214362,79.90496851380928,751.7431063548751
318.56084988126196,619.7396965779207,677.9263168294282,1593.4584017881082,464.08953276011107
348.0892850073934,227.7749187226381,1129.3696186237569,1257.0408045602821,1138.0260705208489
144.67330678716186,734.7982558854007,1690.8977182059325,2145.285623605419,875.9459264018577
910.5857511727119,1443.6722311507683,1630.546162923389,957.1600205826007,962.1120659574169
684.7546074995466,849.6225197228043,280.17943655413484,2306.5407551163403,1791.2417088048805
108.9621395051039,915.5042403113132,5.832277548063177,801.4489955524554,2011.7163901925971
236.12739985906757,727.5484796668301,609.3935166309243,299.11638072073754,2136.0416386581405
820.1133577774053,672.3022954037069,995.0646221464249,1180.0945028824904,2147.863779495899
310.1019993538559,35.3088532877169,416.3772809710407,1474.422476337743,1230.244171262792
486.8911564176176,199.83755979347902,721.0665913514086,1805.2930835101488,3757.6635658285177
761.308321814021,426.27033838068695,628.5646159057397,1582.8390401427769,2256.2056385593123
516.654071557186,738.4226559289274,287.3550925596011,611.3696553799641,647.5603986245129
1121.6164449627001,1480.402558398156,324.7822175915847,2362.013485024067,807.752940925388
788.0385694436615,820.4175401023854,568.3080783848299,2007.4301856464092,1857.6647149004493
274.29805469626007,565.1974178650053,1983.1727633555072,1559.4096927493404,1358.5941048269199
168.4599393334316,620.6105257265059,2013.9853943454923,501.9586200570187,1596.423438833061
351.9988663433305,264.3508017274566,1057.1474752754636,2184.650301022492,739.9129922501925
599.2456934097959,797.2338035057617,676.7544712886717,355.28286127380323,997.206311342057
18.60942088808824,287.8188544603331,1087.576404338731,2826.143329481034,1622.803360441687
186.67161952174072,985.3186762890095,679.9892498954717,1637.6330866473727,1539.7350646267173
566.7924936377917,406.01383359727527,771.3537204508343,1263.3278526235565,2394.182132570077
357.9884971369568,558.526825481914,8.666913392248958,1316.5457816833075,2935.296768917267
738.391532060752,259.5664971827661,750.1640066567278,1245.5869954213574,23.828758968115206
444.8541350452876,114.20400182472756,623.6389510784835,2424.0640014821047,1224.667007980081
1209.6916704332102,574.7755524962282,1282.2650141950874,451.5168312441742,2967.9847897591576
732.2937916092287,1524.8110708765596,1060.6313729000212,3460.662907717653,705.5441822710641
540.1193591198869,293.41844895970297,443.86098313542874,453.6481472881559,158.85878425535682
677.6423668996333,577.164862658929,252.87119413919172,2791.812252224117,17.09134764477447
1124.036370988506,1540.15540938005,567.81247195858,16.359757736688046,2626.8899524729527
63.221025269858224,723.2223663573334,102.30514243300011,885.3017473493195,464.064175857116
668.7988536865074,109.0926618723151,402.14256513908686,2206.959066526509,1690.600085759728
684.4001032178772,70.55203013250197,359.68423844599175,83.71128617421941,716.6714977107133
527.5406666699778,217.57633830131493,813.3247113504699,54.5843607066781,2368.301314247635
598.828434449648,990.5130681961518,2147.7637134244187,1081.5021099618473,1076.4019968343537
358.497999568929,729.621224150825,49.22344080810679,628.2311901402664,288.0088059972765
558.5193320487,528.3080490196992,81.58133963480421,1699.6734187758404,2434.009039235702
476.83456994871455,570.8266944086895,1449.906991630198,1202.8611282699417,12.981922554851758
1476.0402618845558,261.4544402258636,1597.1350427247892,300.16951608613044,1776.9907774819044
8.503167054518345,124.39587311494512,1647.9109605538197,397.4045875742896,1888.671166251478
11.513333282619843,525.4862207400449,402.13021480270936,88.4048249542433,2094.700799687989
593.6853603824052,2001.580784939616,1427.5854135984703,1263.5553918684745,494.7691426905103
402.6897250679394,866.0426151251231,524.2453533872193,992.2563152746902,1841.2832996403004
266.1727391622885,1208.09432100689,150.92767002560964,1303.3917957843994,1485.0564607806205
543.9291035913845,410.7856119597514,1645.2783754224158,1750.3558263476998,1510.1834176901787
219.54108205259652,1590.8383273568404,639.7773036247414,401.3946623903802,3930.4254293720633
599.9700222617637,1480.8535745644035,1559.795460820755,1629.4804650239535,873.2465028068976
533.3338428488256,156.3867183122903,1940.8014608055137,4238.572120614405,827.3331548955839
353.99607746052874,512.8213758702061,762.5354494685955,1615.1087290694506,823.6276924260521
270.28753440088565,120.4336392685869,110.4768515872503,821.2785549285048,936.8967885151386
790.0880160261222,922.7509625457093,2506.501682017693,1895.2111107974658,997.2276163421899
749.0996837514044,733.0755998011906,2317.063267975607,738.5167657002205,682.230162679109
596.150171949135,570.3682621972583,1529.752474399722,1765.6942033161408,1568.3109585383525
770.5484163251624,328.6942223966347,449.11158068060524,1335.8457556425178,708.2024357472103
558.7304490284675,1558.6559232727338,1750.8394760913334,1831.0646350904628,4176.817738583737
76.60532441910688,274.6395002566249,1177.165293851422,897.6381099852565,802.8567976132188
376.9097815989615,344.40391125880393,1396.3370966418686,1417.3257335372834,2688.3402017256512
460.6609299021492,231.28652353289604,1286.6702791302814,836.2387776697179,348.4649717799187
361.107283608848,306.2791853105522,1511.1580596382912,989.3465589859097,770.9669877876623
952.1724696997521,952.4366032157319,1772.8215181780224,72.7242133291144,1033.1151413015473
790.698669957837,228.36720875585326,550.4283198856402,1827.2775600804482,1526.29507798893
765.0078562407268,538.134210235187,1194.3492385586746,2013.9844991662349,2527.107922172802
78.61424072904259,37.04103599078575,494.3881405130988,229.43708150020493,114.08555870643522
769.5672582758639,927.7572035135179,49.717828049073894,1724.7597193430902,172.88074163792749
145.51435943405832,31.709182526688075,2744.030778363021,466.35606557928054,757.4625460629007
1119.9665230327255,1063.64875937802,184.99961985464284,789.927495059263,2914.096641822015
313.8797254390405,1106.5565699111742,715.8549677017505,1154.1279332373595,418.3879968087922
440.48726872319037,343.2961963001754,1005.6121098061302,2680.253793306632,600.2329297997856
173.87510075115839,1582.4948360378899,290.22081134403106,200.991806537442,409.2281499628586
506.08866093489735,811.9860739607273,503.2282915330865,447.37893790222387,681.2713345764272
742.4302128740425,357.7942291661288,28.708729700022317,1342.6767538144923,2104.482904827413
860.5789311818387,64.47252058153765,1554.3826775970838,581.6793282123512,797.9700500410868
132.10246912647304,65.91311664843425,1161.1237291180685,878.4419153850954,1158.9519350881835
212.45183073971324,175.29297103023072,1194.755362559453,854.4526497440417,2578.31974081377
784.9104704517478,451.3691875150881,1061.1350559667862,1476.645525598791,2149.803890781458
39.376170621649756,941.4599637390105,94.41653796533404,1814.1842616580443,2016.1741593920513
581.095661217296,346.0985552258295,681.4015068755397,1193.695028095953,1577.7587264849417
577.8384399560554,1231.8005247256317,1704.2875903319805,924.1766674323954,1919.7309482896605
955.6599090486062,1089.846924914869,1196.5348393178456,652.891598530534,1539.820589356037
554.9365301792253,1021.0298451635566,1625.8073888519948,891.2131119247648,543.3662011677462
350.3191760094242,1016.7320639238751,2165.048613840742,904.8750163077046,325.5661687330364
731.2918827582592,1530.2095532487515,1178.6354632759815,1686.0158402151012,1925.9734017090532
403.4960699751216,956.6569232827646,1440.0052440463087,981.3399919946628,484.6905255584014
441.48388843844657,1558.7514084620361,469.6503421051856,271.0740315033877,1365.3871952297307
403.9089613047541,53.01150847495915,1323.2565670532008,298.67202758865045,235.35125197728672
1229.1588695399698,554.8310690059789,407.10152642896657,1602.863276747878,1894.0998472965214
869.914936462418,362.7314539472046,1471.8010390240704,49.49344298697448,3813.9232914474637
198.3685072949139,47.59465068609043,715.9057267709533,876.9214452361432,514.8119011093075
856.8348733107688,258.9012891969089,1781.4822370156346,1996.4336011390374,1095.3093299397844
781.5619185645627,28.094010209753414,79.58361443861762,545.5809197613132,1762.6661381487165
551.7898593590822,36.80140705355678,453.4764519201063,438.7522274046527,2097.663036194656
686.7397368906458,724.8800893579573,784.642143694351,791.3810179818498,408.12874494308454
424.1943773646275,107.07943574086494,2542.9438357570643,711.6628016203027,1815.5369246827067
624.8814971893602,841.8406762661692,1538.0986363616269,1842.6231933507136,1942.2559542901586
2.094541359258511,1006.5154140482113,251.6864063868027,3407.220304900342,1413.745090387641
184.54441722516856,1154.2250729398813,1384.2151965249648,542.7131234141315,306.95721722091633
111.68016299782157,82.66030974428864,1983.320228425918,1869.802221632157,2587.732541439186
423.11292089327725,1671.5977180731481,958.3148129496662,974.301065740602,238.64852088209352
682.4517604120208,734.7647560487155,1085.4597654756349,57.48826340583597,1111.7334484223204
501.0828551656243,578.2346698084444,984.1022597698159,48.175254120186096,330.07225160099944
72.31375360327907,634.8338655850276,1736.2229155542343,912.8071137486213,738.8112829420095
403.2291434514982,1790.0895030408317,1271.3587908143777,2012.2378316027996,1307.253559334277
520.9865114020783,1895.050925427323,586.2132258714539,1303.5927266308602,711.3087772628409
205.50443270102244,964.4369873746742,429.6188063384312,1560.166727021098,90.4662519267352
1058.7255294011736,101.91520439877418,274.4792165803747,763.6856794148753,2071.918510060819
536.4586528039716,162.0902633454659,1085.397057370339,3395.6515692849175,2374.5774099787172
647.0516828386516,761.0348153937733,1203.694291783903,1451.6601980635442,1058.5534888019888
905.5163147268083,594.1313454288961,188.00185747659896,2.0771590630090273,1247.6075278322737
395.22223106941016,770.7110537826212,1122.919973694329,227.4184649667509,2529.5283958369732
355.0141418336995,1215.702819536981,1495.9416891604833,1362.861296771718,1437.8543856280405
54.33373218595257,684.2242745502595,1930.815229481711,161.86353394104557,1749.1254667922033
750.2972548694078,1051.1495893830042,679.7677279685256,1001.1443281860843,2828.552421123159
527.0881038021472,338.5307744425976,1364.3592480207112,494.81093874518325,3106.2024172610795
444.3284895756759,831.4291544501401,1153.6236206560834,1536.879838392989,4967.645324464642
286.3080140334974,416.5609230702029,812.1170497127531,1638.7769238663798,3227.92252412363
852.1740780548618,278.2066209472737,840.6008588871117,1266.87882474413,595.2068548663996
979.8748387554953,268.2998232494211,813.0128517183363,1154.863401748053,1681.2984673556336
730.3407073478787,1030.3731481108616,622.8734693887254,1077.1922169758154,2128.924080677876
415.91806790224155,1381.4102604400807,179.49353257556183,2080.224272314776,3485.1509195721746
611.9282427897363,539.5692286773804,589.7519199015776,2250.351273412038,404.8478879862312
744.3811884769723,358.5209367929159,569.2774662946565,334.70700327050537,528.1622062037734
55.973865751565015,429.44174887548076,1850.891986541045,893.0497462898621,1457.9560071382914
462.6817505483132,1361.1289430987244,981.2489975383705,452.5273056777554,650.4670865870941
477.7776901648916,1285.19859660953,433.42157793235725,1308.1894541430393,1362.729247001859
672.0896867334541,761.8961972778559,987.3061973283587,2331.6707843148693,2721.954137683882
291.94309468364946,1101.1299230290338,1901.9470217773537,610.8800137006123,431.4284565122199
249.56501989180947,54.30116873610843,1278.2121393759635,1977.7551078963115,287.90967990470807
372.13215072907474,325.1382852171531,1394.014490686033,777.6151101313638,535.5646308720488
1356.781107756356,240.83546970689775,304.32778155132013,882.8728766921059,82.77286144038641
422.76761589217983,570.5376920186017,905.4839133872347,942.7384210359261,1738.0885714329227
613.6788234110813,1495.1624667955741,2399.9536993449783,1529.3318802145889,1319.6078037578432
158.68658814436034,1109.8877762383163,1302.9272664889636,3004.9218546255306,1514.7399913491768
1161.6386130103267,594.3979435995714,87.21935193393321,2451.714874766794,2400.134093103766
855.5910557844484,362.4777102585067,648.9863283922228,739.6059938165778,1244.2209453146772
836.4172581739349,81.65738419873963,2356.6962573703076,1928.584882507175,1244.4109829537374
211.50719628443647,54.59572580015791,1492.7366011996614,1045.0734969273067,1440.5257831507186
559.8164747006781,1361.7927520226776,1052.2015300351195,2737.1785610366665,1748.4914903206743
212.93322998126825,863.9919719623277,924.0232826893414,1145.066665888446,481.63061898741586
485.25603041819,1572.6597308099485,788.5242613385326,1025.8030674549107,1157.4390841887382
520.5168231500381,534.9349956914036,1211.7865343889935,1672.7707622543771,5204.431022141294
309.08032146537676,330.95173622950114,544.4865675120332,1470.247534311865,264.1880093718211
914.0851606136014,1709.6235252022955,619.0587518346671,464.69390098854757,957.1777796064116
1409.6534049969612,384.1340459186524,1124.7543849851602,2034.1605570121992,2406.5801864492764
2.877458307084103,1293.125006488457,66.91476667008376,384.2848588431198,799.3885325137967
597.9821815418347,1051.3585218861642,686.9750131819075,3300.6810766996464,181.84240169421363
1011.3631266521799,46.156510997156076,1264.1307131524236,143.87605708708915,1178.0159269786304
217.44159353353825,1334.0987291933102,819.6735162615331,1886.0822721990655,1734.8776297294548
383.0140359021188,420.91708509183616,2204.5079028630134,1544.943577704381,2414.5540528146194
1428.7631322858356,1409.9308810211953,1596.094345463364,285.2503174144118,192.01351826896092
781.4814106718852,200.18594885391883,1528.89246467662,2397.7800852958867,1536.7422030961575
295.8605581778163,1466.8536968152498,1015.6770623666869,1168.8574186500582,2326.001488873644
697.530601052745,1343.857134191217,1699.575740855739,657.6253138087552,680.2069557031971
225.64848726504303,652.8374488518475,1206.9122098934133,1336.628698501968,83.92970588706923
853.4133918497001,334.1836056384461,447.63784568259086,358.0907520930102,296.88477280277823
352.1673999328302,827.3600776896416,173.56375073311423,671.6377751389082,108.97141080205351
42.823120741322526,572.8933317830051,1635.0455662859076,1690.7446379685814,2908.572578289754
770.2745151407313,124.93749048030936,493.9321958979987,101.07056876901696,1420.954650131815
1483.9610252932844,413.0425499655243,421.21880917953723,1905.0754696514766,2942.950307483588
168.15684582778403,198.6542802121189,1533.9544605504527,868.3425255155431,865.8744700883342
616.126206361589,652.1364000354001,2278.704988551443,116.73800624910815,2414.644172262963
203.20414991060488,363.5543612083276,54.833530461087214,1005.0971335581905,642.3320639718511
65.34998612951996,189.024075784461,747.478987491852,959.7227889541786,1173.453152285213
137.6178978478851,705.4586364904847,280.97089721545694,1173.1437100005824,2527.6534741730457
324.0616251164488,381.16739518557245,982.0267486427958,2935.033840637103,87.12260680564721
1703.9822723389564,960.0930026623786,571.6478311004289,836.4423362805966,924.1091286340408
563.032225422092,2612.1892654051057,53.583962933185155,1312.677997782624,2322.433179579403
933.8433024110834,1594.211167871873,205.62514299092223,2851.1585528457867,266.2137417553311
209.1435033112059,1010.9109331659886,1441.3970923863164,4052.6323009061193,702.5872520059824
400.55461373656823,610.7908543621986,502.7095667365376,459.39165152280447,4404.827957229568
952.2859287753464,1050.0491329538017,1686.067509872396,459.17717219850846,1597.2209954811653
68.55123304217948,25.619328470907732,1280.5962840482455,980.8253046003798,1765.404677645617
159.34515265383723,74.40749853935213,127.93860810643493,1189.7302212655206,148.47296382312175
1304.647138991942,546.3664514269371,512.6030433502968,1264.2517025967925,1321.5249752350906
460.9290831527079,891.6243216795601,560.2762732323296,255.50849671799966,1349.4077980758086
449.9904320731653,858.5627398858743,406.5740245334615,703.8169971922523,846.1327529964983
699.9014322807617,979.4020107752309,2707.156527082863,974.1108800133688,179.6799694620159
438.2727233970118,756.1214582956753,787.1908431375753,158.05187587233496,603.7213807861606
711.8833236801498,1662.823436859082,35.02357373316113,520.0420295723065,237.99196946616283
840.1625854463442,543.5202532158935,404.2900095862929,1087.831878089489,2734.189802411475
599.842837277862,124.87672741028088,677.0421333615569,218.1503860198807,313.1427231689469
642.1361496072561,260.3914595363833,841.3257309683975,1982.370301209733,1696.5361280932784
202.9694574682149,1639.834366338529,176.24741076921694,3021.0794176024538,538.950409846094
727.7865195725673,103.06026624457395,309.6631862516954,980.4384878209125,970.1669477619439
72.26856351868267,1667.985211802956,1781.241440148276,1206.7995533173382,373.91327210699745
24.155542246843428,963.4017809782611,1282.3832958487324,352.97254161463366,3988.8972167023894
433.1307454877039,194.47983424618533,2238.4756969764094,315.10021454994273,1199.703429676768
51.24728433396981,1185.3827293842635,382.66519884783395,13.95966493532567,3723.138457504254
304.61951705861867,1249.802687436072,1541.3662141393634,1883.4513859537092,2492.2588759225714
833.0910765042553,1493.6007843329241,1320.3700162439884,437.24588200942105,921.8941274938034
525.6882303072656,1461.3168275645485,55.20271333959756,221.46170660801158,2140.914489999357
489.84553628420497,400.787171920506,1010.1486099277483,1990.0621632487516,2447.096041545093
903.105929954057,1395.7035769553784,1112.6108282994542,402.20082072568607,3313.5073862638887
365.20173977258304,685.5080352155359,757.2182750923432,680.310457014873,654.7603415247644
345.3436993646879,137.34364474053186,1181.3543267563998,2689.5734792859735,2156.9183795221406
911.1246482494214,276.42099586559095,788.7290558965641,613.7440119730337,2399.1960021465898
426.54127932369124,59.70763229998479,389.8738058672158,3757.076658288981,1170.4995609109599
577.2642867896208,641.8391442388677,23.918408597336867,518.3534939194965,275.7988016032019
236.77961840016476,994.3995895623095,881.3228557933525,1053.598071467942,2248.707074997384
30.22541349112143,561.4433054723755,1652.9603895418018,1101.6608631502959,3620.4095030200906
787.3730790667656,1102.6940453118257,1599.4664824701786,1809.2759808006474,3364.9247290740677
334.5262811311069,195.34705480384784,862.7074608668407,911.6820632232975,2932.467571021481
631.2458232377631,583.6782680646807,1135.221401390181,1877.971413608417,1026.251766094428
520.9271556309704,42.70120125769228,906.3897652068667,1324.7332462117881,501.74841941124856
1066.7214308872185,128.14892742497716,2379.741823736749,1319.2582692052806,1248.2904470857932
367.10746569444166,1837.2534403312577,1127.345835491997,2801.1271785041604,892.6402457923705
23.09629076595508,60.94862909881839,628.9399841865961,224.6644370211588,1401.949615409085
256.67360559548,101.46107892149755,507.0448867844006,377.1669311501232,859.3799801969033
588.3370683394854,711.6322752105083,1047.6012220555124,622.2634237339952,425.9389242278933
766.2043972337741,881.4888316606499,1293.2719101298783,737.077091042729,2819.442472830984
265.3977703378124,2303.9817912401986,32.0024974168588,2176.057579020978,2082.305351048965
434.1613415246956,1258.952024055851,799.0388061750854,1236.6271596206882,2357.452555080037
845.6904510114827,989.1370535171318,1886.7630547064878,51.62777094652672,1608.4386170995822
256.9300168128512,120.43867543074342,445.11159075312395,1673.3822338746845,2921.847506105379
595.6368751881303,717.2167895051118,358.7927467229461,1229.7979836155503,3042.3394328289546
468.99902616299244,1234.9734596674684,74.46304481202334,1216.4673433510573,156.51982234570983
866.2134957852788,487.00369522835916,1726.0796316557678,1287.7867339076881,2304.814714177822
964.0696816112829,481.4557113641377,507.7984892955716,2583.2558825319866,616.3960745885621
949.8181621059626,117.26031698473116,75.2908374407672,625.2417268036091,2166.1528679888715
648.5969620819916,799.8165435458316,194.56192909272022,1973.355138676872,906.5703477500862
790.5280529871172,559.2209575004373,1181.5272760228793,1237.07561467776,1493.1821699553639
572.5325126927094,927.1179850303686,1620.7597360655943,835.5578579473064,1477.5440639517467
359.2898441254006,267.2172646245393,1243.6870553007298,1306.8182788790114,334.1111104643166
895.3657904367014,95.14188431881936,533.9741573090085,2450.15281448166,936.0618725199467
121.90784538880392,1037.4076352439888,1360.5692858774269,2543.1617393249608,286.6108604070142
45.810117362462535,831.1986983412216,1403.4677303192893,551.1793747059484,2191.40424238492
585.0510692220505,395.0226529544022,94.19740015390815,509.5211984738983,530.0425183896135
246.9421475578158,931.0634981554404,1445.7606190058807,544.3557038578609,1201.9973833135111
627.5801935948034,160.24813448232396,618.8122702092833,1140.4917445430622,2067.812242420923
918.7618816062907,1008.2131682248956,993.5384882814675,205.94035801005933,712.8751100297195
1140.4905695919242,1474.6089157791484,516.4504723475064,1762.999055937393,1356.7025620605448
771.4871291783841,1380.4512419330656,1680.5801187997677,2799.2148699204777,324.312829099189
344.74565801700896,869.0534373642656,917.2188432632557,463.2639643906369,364.4716971463347
549.6284798260808,1465.6342742445713,531.5567416986498,1662.044149267387,1004.9205077402501
978.7959978282914,1318.0484784764797,1867.7396417786977,1501.9470860226631,669.0588108691031
420.40772744458013,1316.1750232185361,1179.6528701424384,334.8383910155168,3061.412102903639
84.86764015795863,2024.7150360680516,903.2616235711474,669.967902566275,2579.452827978517
449.83410340254306,387.9312322141179,138.41490976334637,1536.584363533083,675.3400099910041
446.86774543445955,317.0120557669877,1510.7957996516725,754.8222726560576,263.5172138976025
616.6309490466708,1366.6313950339556,558.5126864416507,1838.5941130492704,178.65731268151606
597.5988053547961,1346.7284365433084,1635.5217120963098,139.13170233955415,314.32229664290765
472.9883728523633,678.4769665810259,784.6300458359104,541.8463354494475,1920.4929218759537
212.33557540893528,1273.6075076485768,1158.767004820898,834.1386097751156,772.7334770481807
678.7387151144035,879.760749853497,1104.018119315681,402.4955068318704,1358.1482659864537
485.6764290818067,819.1308747493243,542.3998208764315,2078.964774822862,1208.9291409003843
244.82290337168578,1455.6270356046164,953.4146691406729,1548.6040607014368,497.17699028381736
504.1080661991617,1527.5922270861429,785.0964375569947,462.83075313914463,437.15439574748933
1231.1335322693303,762.4151964571635,819.8280643349582,594.0880483942627,856.4790139778423
787.1037532623792,176.62580316893866,360.7238406356074,787.5219730662931,1114.09991192773
131.3541136974175,235.3317709712454,1272.2443534412898,708.0198121854919,1626.9427297513646
56.187539590522626,2083.540364000533,1524.6449940805276,2078.3176382172874,1864.6751254033154
698.482950354678,626.0738136752761,1181.3954886400918,622.8088938663136,317.17210902839776
715.7145425239121,622.0543968042475,899.429971880876,355.748103894192,103.97836639376202
699.735276866429,1336.512182529938,830.1764386360808,1444.996120454863,943.45312273561
169.0225008154695,875.3102250539105,1438.9184522902317,1324.3620556062372,1045.473657546537
977.0980313501102,529.1648991819435,108.09428564542151,179.9127810287687,548.9472149623438
278.11154563186307,124.8538110110095,1866.89681327121,2368.0588575813504,126.63037845885461
964.1155943313361,443.87462597069594,92.85602887650893,592.7684106017946,1992.3458091625314
317.7444549270768,945.5461482348057,416.12036832803767,143.65260918336847,2576.654173200875
29.912636074426647,25.96195995532336,1444.3271197289919,13.095302588010147,3326.2616502302217
482.81563331824594,863.3235670483638,3144.912930654868,779.6881604381149,189.0571238293238
679.7404835988895,1261.6076231914908,35.67785165916585,1306.1123916616043,13.866525510487381
434.17742620428936,502.9311643897893,554.734744881317,512.6712429523905,2283.5870388140693
561.0415106641701,1429.2462769488352,1513.5727657730304,14.6602426222899,1247.0097722955359
617.4307705174343,709.9712373174946,1993.3294007384418,1947.7184063926693,304.9881293176687
551.4428601060431,672.3337405439698,2152.045247197908,1669.9189160481715,1436.0181248974227
92.8642479075408,192.04430062169592,1384.820232319153,592.150087391592,25.75321199378944
901.2003661414881,1460.0737442761208,1601.7842386522316,2646.83307999321,2109.2212660621835
253.93525180118775,1094.273081014655,438.79804406070457,601.623496850948,2245.183843330055
121.74604142789065,934.8515700053014,758.9174175094196,621.6868549835867,2826.117092604042
354.6461371414675,37.402171355565386,1253.2079548988816,697.7431706466136,2381.141358034745
245.67990998114294,135.95420472592264,69.86922030840763,2505.94312992856,1697.5674523703547
170.5943322018351,283.5337292101806,176.21589470874926,2162.9012741559395,1413.9654644469645
439.7402786648678,1111.587294270424,1229.5662689326666,51.2262581157765,1687.7766697517893
1102.9863461585533,923.948472852289,450.5334233455692,658.4944441571652,1539.502244226875
422.0931696680231,2240.7834475787495,2215.7213902197395,670.2539629528184,259.44054389380454
903.6408509940385,988.6923304662299,1152.8799390180345,2205.8269532372233,2734.3209911514123
483.6713508875124,1823.46623152305,1485.1123687868455,2655.313010621603,959.0762363111417
501.38276191483425,472.44231445084694,957.8114535298051,506.59514201885304,1144.998173968153
464.4152716670191,145.40777073449178,1554.1577440726498,1119.1733217441554,1828.203608912696
398.7317164627572,2199.0322960987846,653.70903794278,924.2371268587457,2424.3845739074623
663.3017301344071,421.4745000283258,856.7346237854426,295.87966405089134,51.97222939667045
311.3121014378145,731.5979488730939,772.0304147646431,927.973277903993,1917.1319981106271
241.09010734381727,1277.8592782252313,176.39793975176235,599.2176757447986,349.01251034685123
714.3870786568621,51.2336752418485,580.1558840547111,762.1136973171887,735.273639548399
286.52239878115904,359.8559609353411,780.8608942017912,1556.0283428180983,909.7783895530001
117.73079728237897,536.6909769967993,1141.0827185012422,257.5330963734994,2009.9588530003405
828.1699558050055,158.7315523264549,1520.3466251138882,1349.2837315640134,511.76506845304766
478.2937817627826,901.9527617297281,951.7722855140133,1175.6447203720595,785.7335696969487
854.90183730945,1436.6225751363202,208.07512392040744,801.0615165423741,1783.0663176860628
877.2039731079592,1293.807046292748,394.8048480417124,2054.9806127883326,1496.5706293496346
1278.4344462906238,1441.9079053008588,375.27916580349506,1807.1882348688357,2181.168545282176
660.2752545467927,147.03454883649428,511.0556267049933,3193.967121291025,1067.4321441367667
901.5313262477786,691.4259041628627,3.9891826515050974,1302.160473998786,617.9667730111414
140.54350541693165,322.4889883599598,1362.901918396686,2300.1280568582392,1038.0470212553066
524.3152993313606,851.5846410731465,450.98295615837316,116.37419733819783,784.0276057386955
632.8617399303155,318.62635276852376,2065.7138996149374,984.7376021656414,517.0674797924928
526.6143650498217,689.0351452859553,1910.790153271358,1174.7469370011052,3496.264184936679
1311.738304745321,1150.756414939283,1022.6396430490214,61.62492250346382,16.894200646455804
673.7367437311844,1614.0641944398437,1161.086614995967,2683.6858760048635,2589.3627079042885
351.2494022217525,911.6114476105761,664.1830941220145,1346.028961820798,736.0983944214469
725.4121639490991,1136.3821436672831,477.9120994592569,721.1184990554976,1084.8457887725851
39.52855109906258,173.25195049548606,476.1602343752018,900.7657339535216,1046.3953588815307
344.5219058618904,915.8928838078563,1987.7715963357546,1824.9811298100685,2306.8246444893057
371.8292271988531,1197.1327422342315,285.2044667133342,1107.8284801378923,1910.3929049110984
276.6240428370574,511.00983381950897,276.45704552875895,1505.285702245062,1444.3934447572362
703.3489707123279,855.3878642928366,1379.478242034446,2085.761016298318,576.1903225698107
215.63780842605965,1002.2598510800186,2582.6576540488995,117.6981916510828,1132.4685352519643
341.556231643573,11.137104657917853,700.0687248915773,130.97971223408146,787.6691394955295
492.769751932997,1419.7621918374946,550.1263674609239,816.3575363574042,1926.993846560627
773.4715020570253,120.4200997028088,2536.808796699269,2064.507945914419,1628.0931527025582
295.51520351871966,1092.7374680619034,794.6971897097197,1187.4455408638926,1619.7629050187102
1187.9234555069015,793.126774500003,67.61077804730913,990.1063720981397,316.2360844031657
804.027797535451,1595.1292597750037,2286.0991102895996,29.00556250785432,4663.219129753858
645.7769902537273,1151.0138601712522,1465.6994986015015,718.1451421047291,521.6817280762582
806.7305547047949,880.7475031876241,891.0263238709484,877.9925685258295,90.15493376086071
689.5996212744969,283.5144530753652,1956.8854742095139,1224.6005582847504,329.996621523997
234.0347141651477,885.8059019663116,1332.4506364712968,461.79912578877884,821.6941882482197
1072.0895097523282,1352.128402951222,846.7394673679121,172.24844324358745,2636.729120943121
954.6998291175158,1968.3952428049324,101.63237049810226,1606.9043819620636,448.31831432413765
606.4915017767677,777.658611154784,1159.5138784130922,444.12309197215814,533.6913024561804
600.9920331230193,341.6743749105908,95.340492236559,651.9922872054085,3176.4710365220544
1140.8043218419762,235.49364562159303,2343.06116875,334.5935668419529,1655.8430042297712
236.60976230407934,300.217120287267,1940.4675186476547,1305.8795526309982,219.11614684556633
612.8244810850146,275.4121016197805,307.4907328345833,86.9624909740643,105.28416907725372
37.651664876554655,683.110402371792,215.14593715349864,1371.9213794968841,0.7381387963515564
979.2975948896499,432.14046168281277,1702.4211030031774,721.0707703606785,1281.5157662632907
217.3762690860798,488.95886048814737,1326.7206814469635,1384.803356947113,1710.1509755184788
580.9561522803025,595.635786377332,1376.3757640358976,2239.438300553743,866.6399342159087
585.5004442665831,829.716315668416,1642.1350846186765,1858.6078864410433,1053.4876770637136
396.98330612394403,589.0476794827478,181.53475576818772,1327.3002939303892,189.85169468266758
44.465163922314424,296.67122434338444,2417.523120347685,1678.8910866836936,2295.170003763186
470.54335288358965,244.77611322744747,1576.253061731913,864.352298771506,712.394804049342
913.567689932438,90.92260748980601,28.234803091499195,1628.5783988260955,2564.648513249577
801.5104557618115,635.0601629584995,778.5928908956392,1356.2101793621891,3082.6068734048017
814.114082745394,103.37828597282389,404.5359162915374,1468.472615703379,1382.9039509633315
143.3549269472405,762.9257570759743,597.2502146602031,1043.0623328528511,417.8387988187601
914.6386231277286,690.9436608255628,494.9081498737988,3666.8687210662492,1226.8798972555571
52.346652672136194,719.76761847204,1246.4597229221702,649.0106340289863,963.2922617964432
746.1636771437886,453.85096567216044,625.7626470795794,169.65452337523476,2118.7960031071707
494.465795076445,976.8336095034821,681.9706882133873,250.3279368713521,353.7804203191953
542.1714954966217,1375.515791114433,1079.186007947818,2158.8418607995695,1147.595195353491
656.7187484465378,25.338936065544587,1725.4732969495192,518.339736764969,104.89654353231614
706.8277259380791,967.3075294393179,1003.1779186885959,3087.980033674997,1704.3660321062514
435.73339458615936,1498.0938979488558,625.7709820966805,103.5303050398201,859.1801130769628
812.873640227976,391.265493520343,265.6110923986169,485.151399488542,255.96964525232696
361.8963911790355,361.44921035005933,166.814088491423,499.38597942064956,1083.7042996258588
231.10113228894934,948.0226495636234,11.47757794443925,4137.107299585951,2501.6077768607015
926.6451058764582,25.677152529996274,706.8846280406689,934.8992649413033,941.8254186304544
905.0047669360918,1022.423020260812,425.065694392883,1423.998975198288,2840.051921029343
747.3490062525741,500.14881925971315,1816.2136333675542,1455.3289133105168,446.7545168144585
573.7590480858107,699.8303056880878,345.52878585645357,1535.0084813079716,105.15411508900993
752.0188027316095,588.7369601229601,848.2803443408307,117.10324266446442,3434.020829406642
334.60714498799973,1481.115136307636,2278.9605490798813,405.54535074954094,1893.698976788696
202.05676148109964,573.9498422616894,1023.8666682022996,201.96606009254356,1844.974551337127
112.39771205097861,167.57430109307055,252.94447462015717,1645.8091362297384,1416.2567030286486
145.74703623809353,739.6052772841049,1734.895833197386,178.69017441873376,1422.8915201756326
639.469259756539,605.0519037285877,1212.621125129048,2083.6678246934475,1119.5227787955494
237.41947922996718,511.32770584009364,438.7731383239784,1489.6571120326971,18.915656509953905
867.3005299973804,509.5508212407879,596.20292236944,620.6827729525046,917.8518875761184
485.68557136454257,717.1286467392372,99.4521061971204,1886.9486014575095,538.1824694187543
514.5026743426592,851.7678397557664,0.9789926656889812,358.14700550464346,1039.2027949122833
500.95899828036977,483.5570177022774,1021.554213967693,369.2295755408101,1449.0237113295793
261.2485313975569,894.4258295543941,1814.8052059493803,3093.4370972486145,1212.7811280622682
714.232594520014,139.38835449531126,595.3014245430089,140.7165584414956,2663.825921255651
288.82510534297506,292.19573501605674,197.66633717237835,1822.8783162526267,2570.598062153152
897.1379410258904,844.5046542926228,847.9918177976913,1048.2884772387686,1002.7099863641012
153.10300561096446,389.22886506690827,989.4745214100676,275.8613049695338,550.5692135180849
728.7046368042003,196.42138647800843,1127.854687483375,249.79612593617293,69.99498338614993
118.44989736487078,3.6576863807896713,1245.5518618860228,1033.6971803339986,2774.4870687557996
531.40954701945,1061.7695949789036,566.8535026510918,87.34810167161643,2781.8875923670416
506.24079234063834,154.0589515577395,885.4895710214846,1227.6988596626518,2339.7664445809373
559.829181780105,108.74736547260127,253.33242539760613,1624.2700537539947,83.61669070208677
209.58760100836392,123.18175905757067,642.1986899370169,1738.1808684102766,88.44819359804866
627.5028577774083,529.2250962126386,1130.948831152489,1109.2844286439674,49.26878621367688
909.9566504929018,343.7842549524353,1665.5200010385258,467.5802477072976,2738.002808678154
105.27337822510682,18.76789046985882,584.416026580062,915.0570785342389,1060.2232879160667
616.1192534474694,1187.0204429720225,1362.162591228278,505.5872148541217,4608.2956130735865
434.08995918370096,1144.2268301003878,612.9467490522638,52.62653142462957,458.41047888902347
446.3032981763858,213.08720693470678,90.54373216828954,1024.4686462047086,1856.305440325974
428.57679004006394,128.96501801457785,1114.332283153266,123.440823999026,1506.4050886883986
501.6650691979902,1017.073436996743,1868.4033041698033,2542.757340320145,234.62699707433103
320.25066419499973,754.8557040657721,1922.832239372653,217.67049753142524,1142.0186901777056
309.77686428089436,201.8563479084582,1316.222484852704,2499.507495088348,1089.281033041157
1295.7800765797,910.4854965195893,277.03746918307553,2737.8843074769834,2344.069049673267
863.5211345482177,781.8972627356012,802.1224001930083,429.16076593389545,514.2237259614279
524.9678710249491,69.49498669080565,1501.0478909960643,2641.5620463007986,489.15284649081553
1008.5630337451012,74.9329845607586,694.5269262564814,773.620330404993,886.0872153380359
829.6336501249997,279.13258453319344,1431.5585118341833,890.1827633372084,466.5070611495312
1307.8921833893717,892.8938589933526,1476.1331111516251,300.14790354408876,2206.4222245396813
426.9911411995357,380.6329256472743,75.48979482859212,804.6551392047993,272.14260326662435
954.7879719159761,620.6755732925538,544.9933597047135,133.00496054149423,1239.565867165845
898.626943333595,893.8835018154892,1068.0594896641917,1784.0879494089158,742.6347097435968
533.8434459216576,712.9782792186501,631.8504742015023,794.2784883782139,605.2205808890707
415.73704079553244,1205.8092424862325,639.9173176596026,367.35346668082093,714.6645898022408
676.2516648549314,1392.9536865867328,704.1904130872243,1644.5120391116925,546.5250054997607
283.35199809141756,1179.3659380533052,655.2376184302894,2623.433557717944,701.6285857759178
797.0374496400973,1307.4019995718377,3884.4651522936115,2223.889326138416,1010.8173695274081
123.11695066843852,700.588348760652,646.5580275387293,1320.8623921182163,282.6277524256673
615.3163522195545,1164.9030437414306,468.1389976323425,795.8456659943756,1358.6510040003272
91.2756368752148,491.20372616267235,1006.8256727798558,438.4959337293204,3515.9926996403337
429.2646029145722,876.3769705660403,509.3423613904961,2338.5048068074893,92.15331595202771
591.7842822518529,497.1816919780001,5.6815696907460165,2706.9807539979497,1629.9394194804786
274.6980871474105,1108.8803330041878,1613.8661391584976,179.06922934023268,458.5902096261255
1277.515621505858,527.8628440251396,254.06552085282814,206.2567396743803,484.1119668368499
702.4489490221664,6.810640385892592,4.947388393629667,283.0605409220151,1468.0974376088486
614.2814836197588,16.11684060148361,1837.9627015278188,396.97955098102085,2529.8588746539695
493.7538043781156,354.74405521376696,147.76659608765203,800.9930525234847,557.8300910724596
870.5251336437153,870.0093737978127,355.0658365771688,999.8619327366804,1423.8710503351708
237.68035844280976,1069.939467902871,1561.7848432395538,223.35769665370077,132.9114653147133
344.32833368030623,453.6683743841789,1302.0271200873713,775.287434715654,2568.3526453254813
732.1388614219117,752.2873503876006,1577.5505073271931,756.8922143733403,1023.2533924208766
226.11638755092108,482.32248571008256,596.1456133633734,2457.188784467427,1813.2932023840244
608.7883346699703,1025.5414669844824,51.18435041444623,133.65629366675407,464.3547392746181
305.4571534543479,589.6268420761132,428.6952049348332,244.75417762375773,909.6176023012381
74.25403465841431,1368.570460248257,227.42158231111057,1546.0415453850792,2039.211874656752
271.3824105405682,666.9645500876459,1097.911253773035,105.95826790874207,4187.297636868822
1169.8082517967437,1100.5285600774298,544.3498380500536,904.3426223276823,240.41329266080916
317.9700678235521,221.23028749976365,639.9355191034948,157.98867977525597,787.5044493367835
571.6191738116428,1196.134491969032,384.39018765162893,1560.9406562071354,184.89777365367746
493.0113098523092,157.9947141435876,1831.1688314201226,529.0902098884195,415.5980212058308
64.64417123118272,859.1741596859761,1887.643158391296,1155.8967480667282,1881.8137724558944
274.5988188595234,1262.8260533364703,940.9165042691004,88.21397521880786,714.6564048097338
659.2778802605096,655.8221830303456,395.76512270160094,2431.639780258572,2334.7175744364336
809.0443597268196,833.2462589734484,200.3291881709044,1434.249566452672,909.6252211029687
1372.6977144775597,456.5341033129279,455.06125977573083,1496.9861953861475,638.6054473542334
139.02925743105243,1244.6774405617464,84.80582518948596,1391.1257319145413,2392.638464393355
1118.8028649791995,267.63490752107634,737.4784228391728,458.68170826900325,809.7319840249967
441.9382687405606,917.0319825669743,1514.9457461530164,1246.3585751904686,3482.446812997512
430.208959619371,568.2181153931244,1332.475882151605,1823.8416592984863,244.6035876421017
499.2336465097454,1392.4182456910066,1052.1502366800094,1297.0793803283475,2109.746091433086
289.14465268923954,891.4757951519288,905.2561041522222,138.81262701072345,293.54792407199244
41.47290072440418,1388.6438083593277,1012.5401670670838,61.32444666183214,2314.3650627825273
200.47402056245292,524.7732838127608,20.990058567472857,1596.6014620245166,916.6444054265271
839.0497924032521,1340.4413273445764,1899.7747886965838,3249.5537760155853,17.032280496945617
512.2556663743406,420.97030447990835,1932.1569007746807,1453.3787577552187,1454.9211587365646
1263.5124287500807,504.0807623825201,1368.058867771877,2327.3388825808224,2412.8880040978374
25.0555846618478,183.63393573520077,280.7237945438543,968.8568337265214,435.6672172201349
814.8522580503643,349.02696101555745,649.603064845069,83.92319536973841,1853.3113005310838
74.56746262179867,42.850989766002286,217.85000884926086,451.09939768457195,21.11109390017355
830.345423558794,657.585592511754,2096.443135808457,204.9044402702171,629.8933647751296
632.3807364123544,110.49540178429471,446.00429157337743,1057.7229571919625,771.7527036580278
619.4892049040968,694.0626507866767,205.14493044342734,133.23666199733523,1236.7236951096472
525.3911054661144,456.48882358651014,89.15192383310091,346.763159797571,373.46096925617434
616.2743871915915,739.2201766541015,104.06348708728504,2145.785746283832,2060.9980817999603
83.97422471364072,403.289658244532,1521.3247302742793,97.48151253677597,2267.2981242089572
501.83608649339743,1326.340492787129,2891.9723292056888,3584.9280437105404,973.236120230362
394.18866781690434,1024.7505238398112,270.9212258891607,389.64425369418205,2045.977944608146
436.7771685343835,980.1214742596052,1103.3936977056253,1414.9084182308309,1447.0965215107933
584.0102673242816,1072.655980855641,182.91773198373556,1635.7642824063391,642.9810281540837
747.3450541116307,1076.3488540298529,321.5385406118541,2248.6707063061967,1891.4605158683107
482.00262283758997,821.9304260327465,1288.7355458850075,1118.225369277754,113.85429914640787
790.8649706384057,189.613026017029,2653.546653892072,143.7497425024624,3224.8558960856435
623.8639579948174,745.865893900543,1926.2267714861114,287.349110907762,170.24586881450253
94.59497377173514,240.84503505084018,730.523982847496,2404.66963839428,1141.8152169328216
313.6556698217676,63.45550358573745,1027.3758194957054,361.4897328053144,510.02194433080024
977.1506369377805,692.7646137006772,984.7810917142639,1394.4691363355103,723.8066971991307
588.0206275555803,63.556017312293115,1109.1119324448682,1781.5010514064977,1948.883841489967
253.45899528994457,1643.2583424801471,1325.8650642158211,958.4638683444518,711.3713881951944
501.74605639995,644.1891775923134,1195.8829351561953,569.6323061657488,4202.794483997375
770.3273361692359,1284.8306985912584,1494.677513228321,549.8294186190653,3647.3944899360276
582.8524084219497,792.1638534975683,3240.16282739954,1881.9188872458806,1916.2970927368447
310.31140767780806,234.9944609092353,1294.243850650255,2198.6876171961158,2092.4963153324584
1029.8465392455275,1668.012387578831,718.6693636874936,130.508051924398,1792.1769241170052
193.8567410348447,1861.611617035734,1635.078712028868,114.73392966040755,1867.761343848943
307.29242160814044,1494.3667863672413,1143.5632472268323,2477.2202981549367,596.4937886181356
419.7912001502195,306.61645715026424,802.1433647124448,599.392119488982,272.54914128761993
374.0128270363318,1088.68989867755,2531.494413137968,83.16365974584232,1299.4838892536682
370.55484394084027,1310.2394013659737,1047.3437498719518,1331.5238617932312,203.06568682175745
296.18479474032176,729.6037558430455,1020.012791995883,677.1844433123457,396.24929949366907
674.2519708098847,443.3621226471609,989.982265837438,705.4693008715677,849.2283096095684
295.92537918727015,298.8261570570816,1449.924009793493,98.75179318867353,2246.746798971168
982.3899323598799,529.5262294339832,1441.6834980707988,1863.7652191763032,701.5272024806733
479.12093038720224,859.4591621973981,1518.2332392060862,10.560535442165806,3006.9731901522714
764.9882440072402,1117.9838557528221,2263.0377451709574,1454.4239876622846,1392.7038062275935
336.1909313507209,1426.643015682096,799.5710323250887,420.3866485827745,506.25669265804027
902.7561228799027,1330.4509229413277,1040.982394316832,1165.095946460313,2452.21779646238
376.82591111406333,404.8869681881209,46.90189743282437,1112.6524082123851,2057.5551316292053
400.81529294531634,338.77423042020405,1790.5756955979646,379.9588404998495,869.3135738547534
535.9822357755951,929.5460328230002,1890.423735166761,1854.131986217354,393.2723599201155
687.5085669544075,445.37143865109823,407.1195538527255,2011.0509511163793,440.6340386212964
1042.5932872020164,1244.225619077625,1471.7886930470008,457.8356117022288,2320.826117513542
319.1394622056237,1238.212245730508,834.9497555040124,1798.2231763259963,309.1556059979249
731.2077691949905,772.3137386674738,1515.940692400707,1183.879290956076,657.2521356990443
619.296281631954,322.67847811199175,682.5638797755075,866.8149321751846,452.5149885343834
248.5599547206112,16.413765141341567,66.85392267719654,1623.433332939925,290.94238942804793
1050.270575473702,1196.5407572562633,1565.9020831776083,98.82064524323452,1296.5817498442373
537.6110629943556,758.7687599801545,1058.4916238170904,1684.3034722235814,438.59644297351457
963.7255052851677,1256.401754793026,1761.5356713956066,933.3018580348794,3031.979864501587
286.99108442299433,1297.7853695519698,1062.9795929554589,558.7459777126594,160.15190866480066
307.8091607776404,13.347315506944422,470.456991148099,291.59825960946597,1480.6021907996767
497.14486316337144,420.309708622193,2628.8730528774245,284.2636893166512,1806.3000571277398
550.965534491933,82.39923807893456,741.7595395025044,1172.2845295174902,158.29544435301665
484.8545795523007,1028.0946989268361,1519.410078289314,1376.700341237382,1993.5932424139771
272.11828643128575,490.87700831375685,1596.343843579599,630.2421316342395,354.09296060821777
445.56833816013733,545.7414934401387,212.66803752171018,593.8621181926871,1250.1262473855168
173.6492759091768,66.42566427413871,1313.050093275175,3289.8004731992637,56.84971326298099
550.4680005135234,1429.2720784422152,574.2487501814037,1520.2010089292392,1242.2663216791059
1148.2584049959723,1210.2110607637856,1251.4805162032321,1844.5292013622216,2072.4344440602295
783.1707670672367,1008.7935575950597,1320.6885882334127,415.90187596373426,1775.4087099237652
443.73588392983737,1065.8575014990327,1406.1077943789198,2644.6768920355426,764.6534058851272
224.8154750603033,652.8336429662244,2369.4650404148597,917.0901678673889,75.70846585175971
95.5700792159385,1278.6621659571783,352.84575864360943,887.1386700844575,63.1311192675636
1058.8783523693191,1308.8279818592866,213.25133963399523,743.1882946295085,1889.941101895061
1145.4193313628862,697.4489729830609,888.56142264078,303.4122688336818,2592.0702154234755
624.0561605801154,675.8337164227405,2989.1854022560433,3356.815428568534,145.7014212347298
1218.2151585660868,855.2428329262452,1095.0821896871,1885.8352556020916,930.7890659306174
116.81944659006807,404.03218911260063,995.1218161129419,475.31243554448594,2778.6733500002124
517.4266074810199,765.1179935839754,613.5647016918626,1227.832008874001,866.8100593588754
792.4058597256378,1104.2452158014705,585.8882452495219,1474.6173990481318,1883.0363881170258
54.70765499924117,179.69387177697047,785.5506405997395,788.1979569052487,1972.3179679548832
643.4135158262202,1259.8187223070945,1275.5557518279145,460.9571728558618,2501.5939762693683
605.1100992482973,1904.6744063930946,1676.0703446910024,1097.7586567558387,2268.2543644650773
459.1107642342872,382.9686686155351,635.3723136796775,41.73859768970288,607.9873054937051
383.72941212048505,1656.6668508648943,1208.592411660409,789.8193850794166,4053.1090159524347
343.13982551249956,254.18380755907793,692.2939729970685,1692.3377634501733,248.10778152118695
152.49903438898758,9.915380400700357,2030.2980354870833,149.19057406535208,860.154250939756
7.306256303565321,414.2251180388608,45.743334806410594,2048.33321054232,534.7776056400576
0.3449085072549074,1028.1353859526096,1539.1961187323545,2169.9092101395217,1432.9643394868663
60.681308553250744,875.8885555866053,2076.0893167478184,1127.177466451284,590.5201636612536
280.91338223253047,1144.9690582624874,1021.466507408815,1340.9989838691524,473.1548226291365
256.9703443811798,508.7335190342037,961.1578549993025,464.948247921856,1765.6699789344227
470.3779824780011,630.7129326839778,716.8470415684453,3050.852590469881,26.352683315296108
139.71023983027663,350.1500541499215,490.94274285382284,277.21500536493687,1050.5437431415849
527.9407420430783,301.660326140128,358.0202706783756,1103.6201822401222,2185.237146593456
376.4845463808877,804.3250414848856,168.83957531346536,104.14480763929748,2764.2218612738684
614.0716362355605,579.5513126203936,1681.4860815448915,1190.601615914487,1932.8588191990623
1148.9666833386436,293.79519504918227,2663.203977207308,447.3532145711767,3882.1408480588484
969.1824607899642,198.676140899722,237.18310545534018,146.218924103204,166.0165205286896
324.53141869481664,1166.8438767756377,729.4172203070166,1183.90105329865,244.9371827029273
328.45524142813645,714.396195990961,2407.0169671920485,2170.0270104669735,1353.1433485475627
78.00841898520478,1560.828173210933,1191.8089485121357,1094.471627401306,287.87404973167355
511.8774397035692,929.7984927127478,94.13195174503349,2181.545396502405,2582.1634742324654
386.21935179748874,147.99818846733598,356.28612464638024,1801.271571219618,2096.154856466958
925.0660189209284,84.78672987593872,561.3784997777099,579.8733266931915,925.1976182954935
457.9518401903879,882.3550902753416,392.0481495687597,1358.7111913613298,1791.6454610002556
331.81012261779017,903.6146312594702,2840.6372477742634,2128.5367090123436,2221.6382394853517
818.1534741146814,1093.9329087777896,541.925369240189,1256.2996533555513,626.9350374895808
483.32085245580015,747.1970687041735,1240.861672399726,43.22105197974471,1243.4797366529874
414.80541305216906,438.1467214101404,607.4094890215563,933.251486169809,659.40473084042
80.04102766280236,674.4970896028997,963.8198398896349,2122.097009346329,822.1934257316351
132.81866787705448,170.119482949413,1739.2001703946787,1210.7468751346833,2118.085872238073
425.08897386041025,368.2346724728146,1318.8070962374459,1512.5063445359856,1865.3288147179696
264.54143012770294,661.2777344376541,755.7463238593813,420.33360209596725,207.985152857971
72.44361786109998,1021.3271131035341,56.71374679958934,1141.5886885522395,905.6264553667343
164.76302979228927,273.3927939812776,715.5346626030097,3111.7166320097604,927.732879209899
685.2482394340137,835.4774130708827,168.6006729442649,2042.3650984764658,2675.1196011909897
544.1910492502923,189.24115164036704,221.19658816219155,3210.516851163073,80.79509767015959
123.82359880395832,920.7600221899434,67.62232146955493,118.4963930824596,1350.7348257559358
854.5976976576012,1270.3823071622148,1012.180847672,735.031291285313,625.7151885487551
587.8579230177253,691.5121198817147,248.7100186696531,460.8697540852578,322.09647773579536
100.69707947910562,1377.7185805185331,660.1220793214576,713.4228122601495,1044.1876208588133
634.2480849470992,9.323372234973903,419.5620391927256,1518.611945941416,100.51123910817944
296.8337590346793,1451.9588485763556,1642.5446334576386,514.2540685543562,841.8361918005455
336.4552009576834,1478.7277489795003,905.467519029083,2484.2435090792405,912.0743245747137
128.65987952069105,9.6100711047588,14.571937879642471,531.3021279827044,2045.1192743048691
547.646054782465,272.53560552262354,451.6570815396533,972.7635124267209,1509.6477931987426
429.3785258475583,1679.8249878081929,2735.4025616693357,3397.0968224756148,811.8320954766748
370.5880240599864,135.67284942411973,1225.1302969027893,87.08524239762154,2152.806772902156
372.94392175319115,408.34220055903916,516.9504688305901,1804.522235070182,3863.924192087457
131.88907222231956,1982.411145061251,683.9902558995416,519.5425666777736,2882.875675957512
786.6593890942945,808.9436974072538,597.1553589102673,1740.7967768746291,1749.609427585322
612.8184700638518,854.367355903426,247.07337296415886,1747.4587681033113,920.5462393320922
515.5445870852901,1191.8418762036788,217.94893267650966,2223.9577520606626,1070.6968107833623
448.4233294053053,41.14748771210687,450.16864570627075,1966.9120673149919,743.7697328067532
550.9393179267859,440.5615937251802,890.9003992187944,270.6655464434246,215.62329586258832
541.0446618823256,229.05870909983383,520.125405101328,1556.6037101918719,3080.7490450687583
193.81374808481723,301.63262494934617,1319.9033265234573,706.7522475981614,2060.2390551181024
182.73065939321933,1250.482721491871,933.0924952909002,1698.085095330687,273.74492840490194
584.8184255827251,524.315312585595,460.29517171649087,1772.4322292373477,1299.0743475900072
317.88148112114686,672.6509384364823,1178.1000633144242,59.13529367232777,2674.8078169695514
510.7399056537862,287.5823815824825,750.5823757193051,248.15182294575146,2604.055651139867
565.2802971231447,563.7809526673542,505.39294447518137,38.13957228101916,1238.7534213551269
451.3143934159935,797.5412435375116,1586.1375045955303,765.4788272947523,2496.4637969641844
34.24474664311545,687.5110597737208,1950.7822239777843,2594.1800978513784,916.3116968403745
572.9230423561116,664.2689356747649,220.08471544446155,452.2692550458152,1354.176324752639
100.91582804267476,202.99663107918497,357.6572224050887,1665.5751860879018,2138.0314702874625
34.73291805016002,847.7571284558384,1968.5660279697927,730.17992445089,1678.000625745216
574.9418685112258,416.94221701845487,1200.7084400233034,1069.6518079972136,43.32353173600781
599.8777097090712,71.34002487459216,1192.7131601656727,2183.9904491370207,1200.030388104414
994.3599023394571,779.0311886889027,947.9714944406081,1187.1703388645276,2280.3141415420437
973.066239518077,1255.7889692135193,141.47267007194208,1244.3548796163195,1742.957355095185
378.62042569141727,131.02494484737153,269.6205892332109,1851.4293054807717,2017.313265509476
109.62992686952501,128.68944783152375,1924.5526461686402,1001.6068523629816,1397.4416499961342
64.8293046740426,253.66923931302495,2543.1445045335886,14.79870355542583,1695.361330437729
1199.3491405789998,745.589423956695,323.39443814098325,105.67995197568243,302.39980786888134
286.1553877056423,644.4211047922503,973.5969034196437,1771.9262427726544,1611.4358541192855
664.1046980327832,1044.5610217286753,616.7896093767554,2148.2665015162634,539.6951093477666
640.0173974468478,685.4498993579047,421.48075843412533,863.6818966280088,2026.9796765522326
492.6162996042337,159.8624763314863,37.895738833262214,1211.9829098411744,963.8572519625826
200.66279710315567,2221.068164127396,391.3194295894006,1587.1326647227513,1157.6325021316675
54.155155524085984,136.72317021928936,917.2645752741975,37.167532982861125,2502.4867963272077
35.74772826983116,697.5414142441789,472.0668468297626,963.0776315097295,1855.7858381942665
436.69181677910774,958.246624693545,45.22572192327907,2020.253778233961,4160.238139828575
77.64425694090053,678.28363125136,437.4587091255585,10.19848368401942,776.3770837134934
539.6164276605562,619.5835845767932,16.447414439103664,875.7787120456863,2720.2976481396536
352.5459755740717,362.22732319954565,351.881278859464,2249.2636555832264,54.83399752650373
1129.1402557758865,1095.8315806594912,1008.8385493287199,2311.86167003423,2629.2581722218547
942.004334908671,377.28744052581277,1876.318388758266,1813.7748893675591,1688.3141196484735
950.9013605166459,1083.2447606087985,767.7878934677243,928.122640338503,1240.4199619410776
439.7188091007179,1279.0935678781252,2149.586858093586,955.8918043840973,695.744592686494
270.0781743513389,1317.642071597067,2028.5933010420104,1081.719169368424,1310.494290873951
699.422479561006,106.63094326855916,596.9918681342099,859.3780146058218,1412.46235452211
472.36687445075046,1321.3407581970662,404.33894461517076,1856.414221121394,496.5906251229727
913.526652218172,843.4220237090617,1317.372697567177,27.59592603166046,2665.797545725938
125.11354479300968,117.55649687467569,1176.9304767998372,665.7577035250882,2506.883104913364
568.9810184726323,1291.498314846482,3.094268034624161,2142.8702882779685,1540.9684296726734
1164.6745468636668,493.98097785988057,959.7102753669548,894.3058346188816,343.7959924064694
164.32997441466213,720.6735622353923,1491.0732380694803,551.367309486964,564.3436791631615
317.6236244235556,397.9730284240441,1565.6793917391292,702.8344731146751,1021.7656703680934
544.3952029639745,187.49064915560203,1083.4728705599134,1688.2380277857949,192.91596465103606
298.7633043483367,910.1833289764209,191.12023086539733,2506.700947420551,1071.2155770841835
491.2247410388227,991.5043605531713,57.8242245719511,1486.3214343256402,1590.7168400965772
839.0290797909016,401.61601452931745,672.9203274471986,2781.6682017493868,2236.8908115928634
207.44642334723204,248.9271087260795,1775.7363346445743,2685.881581083375,1064.32922396495
408.0306268840784,503.9506497181359,1060.3785495802695,197.81665349947568,57.99184050264894
63.35397955149097,173.06973133828592,367.0051445796508,793.8407627205646,679.6165268978937
349.86066588702323,1444.0031631846634,1058.422858862232,3014.264885819902,408.87366195850916
87.13435350028067,694.660248569083,36.059773528108686,475.99188439021816,841.9445516470012
581.226791991149,951.8787924802316,1033.3499536388626,172.54384765008234,477.67515812393464
142.15852504025926,266.9205800635799,280.7528578412364,682.4168616977817,1022.6764016926575
551.3726627972223,1430.1306962479798,1768.4563182242741,673.5014568792876,926.9265445342633
748.7544249208261,1009.5479431577764,772.6220518244792,1490.3350956423938,1202.5558187347417
729.7915521047682,278.47497091861766,1578.8685943684507,1782.2619328267006,1620.9350275245208
400.0749731550508,272.8372870162073,890.1459330040329,1686.2006495215996,1271.5037241442733
514.5364260173307,1278.038470873297,583.6127234520003,2224.2832299050765,865.917161317015
191.75664511999938,1031.6833677738923,1359.3726725648444,1948.5286905033572,735.1302926835646
177.99772679286235,882.0723739910143,1592.6514464830636,1524.5309875769817,1481.6677296388802
719.3785546013629,432.17329242792385,1093.8880802420792,62.587471034679915,943.3110197558132
455.1228148473054,391.5269773854585,933.502047231902,2509.893140026594,415.09464518525573
117.29763533955543,1763.2253830721522,173.21924598169267,917.3333935049915,1482.7879980479431
83.70856171706063,714.2516633369696,181.4576328936036,1872.4360598491744,384.8351787272244
167.6654471150425,697.3928800628917,1350.9938653151,1957.8685324801174,2141.83120533577
549.9728771862036,35.87091499325951,3660.714852909983,88.26542421868278,297.63439565436784
451.39730301297084,364.1859993160758,543.2454973890758,1566.207900310845,412.0428621336608
315.6248259050586,1047.849908168672,2284.9880536174046,932.1543965057574,1254.2228977262293
62.64207591675486,1058.7822600215673,288.731421485174,2504.5571712144874,301.40568904474986
586.6881317245551,42.40895550051544,1471.0703761286586,1621.9324785324766,2469.4385343929166
189.89744102923015,600.8536210504273,1096.221457059774,1369.6071721133821,2615.897837458321
376.99175011676897,392.8815378507991,872.9371473794824,981.6774890398355,2077.543285814866
359.42093219763586,931.6014443049578,1092.4541183552674,3216.3925530275055,2367.899106456172
307.3374810413706,36.39283581525162,1193.3420213191791,223.04210609433275,3047.773829745208
122.62740801647126,664.9665695367056,1374.9507466160555,1237.2695012796758,838.2851752347007
584.148266632858,189.8445055119212,159.50786115944754,2717.02491652103,496.10163330709844
454.00942975813956,1010.2270127746749,1473.5764102774453,429.7535702268677,144.81939735790002
1390.0509558714332,1072.898669736299,89.3542395063974,1720.3858983540404,500.20612267671703
518.4633802821605,391.3581331799229,439.58809604701156,757.8426032065616,524.1267944424735
573.3892832345579,750.9642176614047,1845.320066425333,558.9364403739341,225.57147024954307
664.1951518114417,740.6381022475788,986.2086732178409,2089.734332961487,1686.4590446049067
410.65673656882683,575.3835148798919,1082.7840665917308,768.1254674992514,2237.8516879670824
360.66465410502906,2298.380287414936,2252.4273131190575,1804.963337909921,3348.3088546767663
653.1614609695985,841.7875991883998,2041.7530928292656,1929.7888696723712,1161.3927410490671
402.0533916625746,953.4713835676783,824.9817924516256,53.768776026221495,183.41345707487463
145.09690717189244,758.4722136419025,1430.248921051839,1816.048116796091,1.970381503951335
492.78301858622604,545.9574994901579,1467.8774807052573,189.6176328475956,90.9416517915724
445.7701656305091,536.4254247743772,1048.9055563908987,1234.0669924654633,492.0407554830235
222.09882588771663,1772.9524382787945,809.9384948281731,2104.550628339862,1242.993667888745
288.59382874143824,1423.0364160280997,315.8720995605839,1107.1387147422834,55.9513800801069
645.0119623458596,562.8035409337482,2451.058097437836,990.8481773456895,408.3448696922053
291.86102338243796,98.09478109738534,643.2937605745508,2651.0655705244444,164.88935690198596
820.1124903648235,236.7570558276751,1824.1866571579014,2988.023591086019,516.8931588046537
307.1496248445809,220.71469966895742,949.1610869612117,717.9021276757139,574.2051529194479
423.6200911058762,314.586421955395,1208.1354318741714,378.9428885893103,838.792522675705
551.0307756414311,1577.1377309608113,315.03128133244024,1411.9345093059349,830.9999601880036
534.8981734139969,1089.916703555467,363.7245401579625,1467.174805157761,39.092747004149444
354.06148785965735,706.4429025763538,1877.016719540956,1832.0619247369937,2293.8601406276584
1.8755671973021897,1053.7284420326293,1010.9333921189185,388.1050392593354,852.3693254053859
559.8657119935931,600.5969545289522,362.3164529928624,2166.4339144153746,650.6882028158624
370.8305851632334,918.5115374790379,909.3037735695235,612.1453245334204,181.10322128175952
307.2819130792746,670.3909209148333,1355.210466678441,1319.56662402787,777.5168696969524
600.2838367101687,978.1175636016035,585.9077827397123,65.02576215623994,1112.2516861961108
729.1714394906925,789.8713223417382,503.30433050441735,106.14431465003568,133.09045438084155
289.2529579395378,1205.6038484187545,1213.2098076205423,2432.577596075252,13.656417822326679
345.50047759899326,405.49009767342704,512.9365247593092,290.068632451046,65.53409948729465
632.9707987559971,112.72089588346876,1344.7006564821543,1962.9112849120147,2377.915164268631
620.8927686350052,253.86857189070597,3.7783496941584276,279.6850547873557,1088.8391371179414
377.2727343766732,1397.1616978740683,88.18198382101342,764.437358223783,99.51541269844807
1011.4863254149479,608.157570018282,859.2936238993425,225.8814136548272,429.26525989001664
608.6819256085279,1148.4636011096075,2991.3149207297665,237.7615166203431,2961.317800027371
763.199381655326,1120.7484130016362,841.0279496716483,1474.65579248846,637.9647304261783
366.202564549739,529.2156843916357,428.20538700233163,763.3357980615455,1263.7824567969974
276.7627742843608,85.59517211557517,109.74603594764778,482.90537993858857,4370.320836424861
611.9948799998535,774.2058483986722,487.75853256299706,4117.202720301909,140.1067640434655
63.08949245501419,770.1894549622154,955.6360089752396,2674.410718270131,44.06391293401636
94.27106491994347,106.38914485439356,97.29866180037106,759.2761307803686,2119.589051593035
977.3504977082702,146.99041553624934,1458.8373066793843,508.05615144899525,689.9379884996364
651.4718627337812,1008.0202038489456,101.88202519066894,609.0040529964323,1047.6373551681181
856.2780998307878,1066.4506506010898,1814.5044727897314,1355.1509529366251,1097.0266207945706
1140.3866763384792,638.6451192064146,2910.2380429973714,960.9326925601678,3135.541081209374
462.78551070496184,601.9152993643045,142.08905568174774,182.13900750058318,1442.255671770557
784.971534408699,735.491193745722,421.90427559147287,1261.675783405158,656.3385122598576
4.638417183504859,1381.7796854435587,728.3923093758557,8.534818655197821,2568.0321202397035
457.609985301802,1745.4949204657264,1374.9826999948905,1931.677816291358,1504.5447374640155
448.7940558724908,733.5611121886931,15.98379589510041,879.7866217171146,2083.661699355386
1197.3026361080042,1358.193323591711,1583.988940080002,1443.343224862944,2106.2348373503123
214.5838563222876,1316.536113023496,651.8734184146786,393.36460820685846,3444.8174481031315
790.5047360577043,1151.5314056925608,610.3584027964272,1183.9880529884883,1868.1330418326463
408.6554980800615,210.9421953790844,581.5753034694388,607.7163169124033,2525.136485685729
104.70184108061893,673.7658625497344,331.5990144585087,1931.2661921472995,1144.963210483851
537.0459851132812,218.7538322083133,927.0970624483027,365.7805088296737,2841.264027729999
409.67981391440395,688.6002083303435,931.1869966992823,125.30765616982018,1558.3759462033372
531.3283637128059,716.3607087073405,116.04703606211581,2455.2514473240067,1573.70314335093
338.4828557054456,551.8368813099366,1511.1770606141351,1394.021372774852,789.4496748547049
1100.1020718745074,1046.7511255853192,1653.7180847892903,547.5848247736111,237.02992730161532
799.6803443445939,485.781231034368,364.3109622738825,1074.0609812896719,124.6982749471493
812.2498398978563,1112.0719157788674,749.4449440343958,384.7673068550234,1406.9421701820404
320.4559431895897,1158.798835466084,486.79893367018775,1190.2531151872563,725.3475813725559
558.2373124486847,361.59451596296645,123.96010535388312,1122.9369235161673,461.8083815554051
1208.850311603664,489.43729383106256,1138.6707471224738,1447.1692232303753,2221.6672459830484
335.0891762182721,120.72360288564953,622.5269229924897,2391.5229666127234,93.66642051936728
1416.794772412065,1048.5313730731743,1392.8962018391896,537.2207712281271,1000.8010270720474
982.8166948274985,1406.731798390251,1669.3832574993125,850.287919206778,1606.0577647439777
66.575312910583,1102.4831929986683,589.3066224861876,1051.23391933331,3776.530701866001
867.7397943176329,986.2510274153371,1295.4590204482986,1108.9059385017554,485.1995791362735
641.0808285858858,176.78085088797786,837.3709412595538,1465.033052231793,226.06547432955625
17.866395035802984,1355.5501723024834,813.7611611878502,983.6114306117752,985.1691394827848
452.3515039540394,425.0582256968149,820.6381846503431,145.90970684215398,365.2602678586462
458.0075865137242,1455.7584261636532,461.911177920282,34.98592949214127,285.0198583461068
1294.6070906870361,1201.016482627552,304.2903340794424,1440.1596365990456,4496.642334912807
617.2045492917279,398.3888519080573,203.66379532112285,584.4421849352935,2845.3692389256353
1297.184500341508,639.7991141950564,175.61169294884047,3290.1177191920615,1657.9198100881972
401.9320523869734,1732.768573288932,460.30378399538296,49.9964338443422,2868.5574698293894
856.601136666181,897.4042827122875,330.81847571134887,870.1728328170824,434.1519282603802
805.1085951252763,13.080659674503403,211.69033394057342,374.46247488861655,388.5834453768272
863.6330039830033,483.39516600763875,489.9833146073912,29.42696796769044,1647.8360445897747
488.20324591036984,1091.7547127141233,113.55673686451257,1551.5553105639704,381.7783420658523
804.9988542410921,181.9847628683455,2049.702209867552,2126.7445775392566,512.5208523804879
669.4924109269303,1328.7199534264166,2209.5140586161456,715.5814057731213,1156.6239374760048
687.4059951872225,1473.1926072851415,411.59361272222463,2615.2666221072786,1366.467790188067
1060.8958922688128,265.99997184279505,1072.160141457604,532.20938128742,1909.1885394624007
412.72660438331144,309.6748035202024,360.9037389978753,614.0779726368902,1086.5312592639686
287.86260067594156,843.9786656852838,639.3949070632169,1361.7088278403849,2027.155893325004
347.20456515403214,816.0449426654903,1597.4298595945525,522.1788215219542,1029.6309414617929
71.64616901608535,1024.9799887566137,375.43699558456177,2785.5065026636285,1331.8415526033161
943.198268051217,536.966948699283,1328.1552272780468,1258.4340559380637,941.0541626107907
624.2470965197751,345.5425986090317,1798.7577589188752,1540.6740449521378,438.8056914936861
571.8433609581775,328.4734886678167,262.3598246918474,23.131786280711964,527.107003075664
964.2800888799528,775.2909069958673,642.0031807297133,1103.3610921399527,741.0594544486931
453.97806768551715,1018.3578831721746,1931.661496571355,592.0836438219968,392.52593352256736
1076.6079613828817,868.2102073923061,1680.5361575091968,20.556081459080364,952.3998329172855
565.9609370403464,1189.041845808607,1203.3155702401134,1745.9363000380442,3757.4799939864174
598.0388917469111,937.5472944876128,216.5142984524243,7.262134614086504,653.6333305716339
80.05026921649898,1837.2950224830915,680.2889960406402,1140.2962555839704,234.0421558224498
686.8123816368791,623.5006585126749,522.7154640478515,691.138051117051,708.1446579199795
8.245013478903655,210.75178569321625,228.16705428698592,16.99749680881567,1030.3659790623658
527.7649912679202,91.72020408969527,879.5952648466933,1952.6150394406407,89.45057459874664
621.875105884569,397.8903878821909,2332.963909744717,1852.2449917936083,1647.8887607113813
505.31302097240984,940.18050752543,806.1920477541713,617.2469046099163,559.7806969702299
343.3519218631009,356.3509424255,2510.436075635773,140.0343977123396,552.7038309457512
387.7078978104936,381.0854217616028,28.45815020646104,55.25179295570499,1215.73837140843
526.9520515907967,167.11982144978452,1276.383136711194,895.92331531386,527.4735036907865
1055.6998852805962,781.929586216152,1200.0409992392556,879.8954627353007,476.69327691775965
413.94988914479205,1032.471017542374,848.3990602893973,1497.509774249186,1810.190712798535
16.048362015038016,1094.4479162078273,226.99674432913793,1251.2937574336256,2494.1447474102865
396.23006594984025,410.85968058819304,903.8080675872868,660.5750617776336,2113.5171724526713
564.3326227810912,371.16122198566677,180.92128878535755,96.921752584116,909.3412625314221
40.77043381175026,679.3613032505839,96.08869001793359,1836.6520151884336,1452.8584151610733
532.2305325273188,1094.142300229249,25.53935328914695,668.5230976208325,321.09784837372536
473.8754352118929,1041.523476794491,1641.9914090012821,321.7443176246993,31.421092958698267
589.8166471297709,616.9610214771383,932.6233122878759,1512.854874651528,1010.1342291123378
588.8400069362708,1415.614640910114,1277.0217304841897,392.0408196062339,1582.9238115510923
835.698166716485,638.2451882947573,1935.660635748479,1695.1942541375552,1299.3503306636355
1028.8782140543287,918.2805516122851,788.0782213285158,743.7527269677718,1195.8659033288395
886.4612986899638,146.04271542996227,1380.101781731607,1783.3877817081366,807.0766627855966
493.8643739237883,1017.0883494604483,1925.2620710635301,594.6273460540187,750.0891266120282
170.36071721282474,295.4857280899685,2287.036157412705,1442.18096462568,1541.661007960573
3.2716850606010244,195.26879029099814,580.0183636215161,125.39131815326164,2024.868541733146
539.6718306184546,457.5287506947207,1639.7709831731909,34.3930196377794,1485.1256254235766
151.92948818111915,383.9192426565678,1940.2341180679316,238.97694593745652,342.17368648065644
487.15816626950715,654.3080283523286,209.63426068021334,79.75390123157,1169.8210363192775
178.99934751274998,1404.9804166853405,930.4391498432602,44.46897593446779,3300.1501342236816
659.380121008456,683.8639784222927,1468.9483513742957,1365.4364576400615,1407.5990287552477
79.04721558206546,293.6237034949347,1828.7040482178732,1863.7329106392065,2004.3925036363214
1289.4085800476694,1570.21054623465,230.57552925121885,3533.1428263785538,1133.9997540076974
60.639288709096625,1101.7211030935175,2273.3228093479056,328.05386040828165,781.3549277683769
846.3595035180576,1000.2393429077508,563.5779304703095,1343.7714358796752,25.910958989775953
409.39160882512425,710.6953554682802,196.33835725625713,1090.4826970410995,1331.0713031892726
260.54713896236154,1483.8936984164648,154.9809321457892,251.15670364208282,2855.820423888376
669.2653567394439,82.69930150962168,450.2118536055162,1113.0503213195343,1833.5084480752805
269.2431861711727,798.9209253774476,2480.587453547116,1700.5592874935517,3848.5316486072848
401.21515961905607,868.9464001913311,1020.8769931082122,646.4709175567364,1221.8392083545725
1006.2589211146069,921.8753210180621,209.76848732047924,1290.6596014252023,61.35037672367802
490.09734631446076,1092.0833685921343,1825.6537337051288,881.9759792558802,491.41800622493497
327.41356395392074,778.0773558888005,2115.955779431321,1142.4539549593285,269.5626136966604
419.90445450482684,929.3586506665254,508.8593054771986,995.5935138492625,108.80404426167524
482.37871753761465,918.2315579964085,1405.407138110332,190.978938716835,597.3849071972658
260.82604743635295,74.81322782389313,829.1870785982265,414.1609687693401,1253.8121023797637
1101.1506496131724,754.9389827122423,388.6809276829573,704.8725662846651,894.8694893734153
273.6325652397725,387.24003180933533,864.3536897244719,24.09123519212199,3324.115374732414
749.2758393670726,1064.6148626481506,1180.4055545431645,2730.8891158020124,2218.275206473088
890.8747435887879,1548.3701018344027,882.6748661505336,221.2992497584142,1782.448909604717
560.7739153117338,729.7028219173922,346.9325172868033,2967.9181372332473,1086.6283940540338
802.7766226493757,463.80494177697403,915.3003733176637,391.0424082794264,3225.285079401631
366.75346388689854,296.9840965981569,842.7226246715152,1668.521146259434,3564.0193630392305
377.33830092152135,1729.055271788988,1056.387459509564,741.05274182079,320.00176517703915
257.42673671113243,830.0277832241893,1788.2191294054614,1350.6695692035807,2747.340434419625
182.76016530774217,1662.8754602819167,1018.3996389347224,2484.016921476885,1016.8771582677721
220.17409891201908,218.9114334899114,1434.0424599939313,319.9135268766746,1124.5774606598793
590.8688881194113,994.1224137865839,544.5750702443721,1629.3621649212091,3793.6481392180344
342.05509236842886,247.1034298326419,504.79007371995533,1145.6462677352542,1676.9179408158302
611.24108177399,582.8803005164256,498.2534854976299,997.2438475093879,1281.9916753802497
652.064361558084,543.7050720443381,1716.97922762489,790.0695284946469,2259.032370928745
851.4341943573161,916.3534746336874,756.3138795568882,1499.0218537736275,620.931422955546
10.24971035026656,281.7916461527257,750.6238943026218,292.0514662179975,834.8639938253187
57.781037463543896,295.0080768262448,910.7496878414286,1463.3244232001055,1132.912387079446
300.65453287670334,23.771970653553574,513.384969536695,2464.0132838694453,1109.5560595309755
877.6016460222964,208.0920124003689,1934.5053181672654,1112.8380921271287,3116.8121134057733
854.6157323664007,322.6710231011532,1416.0912263849013,1480.928077005531,1556.2460839956104
512.57361574044,698.6363599365382,454.4032813181781,1347.6690193066977,1378.624079329706
419.9724051377447,762.0759031175053,413.18852279298756,569.9839691221139,331.496735952926
291.34387320879773,300.84927774887484,863.6436993462512,2193.3072634479845,2176.3304464309454
1042.5365614821471,986.4393645827035,321.39355187827476,3173.309043791257,1556.7758006495087
946.9545525334192,534.7605312403593,1367.7123508431862,1380.470888050306,1956.0697786871278
953.8750573267882,1517.1495739170086,1710.1077125290124,2767.130260170331,2176.0148108925873
104.94423775220866,1256.3337555939777,1574.8105751714506,897.9867842211337,3079.196566607682
504.9664704155569,171.117332969616,73.15301468002794,973.3900640778595,645.7032509267333
294.19459667967556,589.41156713364,808.1183158122581,2391.136614601267,642.678924254867
180.0556216547882,19.3642595781163,729.6005218857917,1313.6959171447074,1297.9235440265566
330.9871314931349,977.8112310160586,1183.2633755673883,380.9819129209846,2901.2381576687067
619.5254626382714,1197.40637948234,962.9614737466891,1008.0302177223451,393.90684151669865
707.8577523072522,605.2746304050235,1381.1069777023524,1558.8244259106004,626.0832538055315
332.36531002949954,55.54288894178858,417.81110276960925,2038.6112757582541,1364.6558286535098
546.9022863308334,1687.7002282984124,1151.686286404438,304.48874768764716,1562.7145869699184
530.6857644271976,419.0828238280116,1902.914088369389,2365.280576784507,1448.4412161947373
610.6833802198979,862.0045772593304,1079.812570553953,964.4692527715305,1010.0227218301183
956.9284713670639,1575.788949614694,428.00937056949454,2132.130274324162,1134.284678663921
446.414232457216,435.31707074651246,275.6107400373549,1137.6530128138609,51.91521468891097
412.543639055668,105.66105586779693,540.490491240997,809.4361448437705,1225.5291431695068
37.21117869711769,886.1359932163311,269.0773308303698,2751.1050767927777,2273.1896430458223
1266.6604714816822,1072.3999834808208,179.1327946483772,641.232474989522,1194.3836418016106
589.068240613641,774.2160105230054,242.68394912448602,338.52170513729953,1969.5169487194278
485.18215129925665,882.1977503965142,1671.3190488960906,427.28789045132567,1056.545626917762
381.351115281384,480.3966421913235,67.27279840822966,946.582623805381,25.18357235956433
423.60057694301616,266.3503965161064,144.05278525654612,52.2547567619499,1172.5691483298622
429.67763901386354,402.1214473761149,908.2452114808817,2235.194695529263,768.4609651716116
506.868977576214,145.5743157286497,1340.5448451552393,1705.620367739585,241.23120685850017
546.5631558051417,1349.4716901555573,2169.0628960399345,1114.6600850594555,723.228556375559
395.63601158086186,614.9616621755155,698.317204624356,456.4151739986257,1447.09371520685
959.1223985645114,174.98473459292242,936.1634543503671,526.5115762005083,1429.2406316030567
507.7354495374758,1114.3564159012824,153.492591281692,503.3307997084702,2266.546452816911
398.25646382466005,992.2955220662582,1076.596187107249,1336.2645413059806,484.611379994737
194.30338142945297,1016.0270609951975,80.57472717310536,1399.2985176377983,2415.2988294879533
443.5108561122591,698.3002704264214,819.4754946254996,897.4069875975773,562.6112777320851
483.0152747803161,165.13813211625697,121.08063199555203,807.055520082806,1933.3522161090643
514.1303542550819,899.8803764198955,93.73206904286158,2452.0095432767284,407.9804528540397
1185.1292804714976,167.70505176227596,873.8357072804744,802.5638128819105,2314.118754529813
632.9480645564449,957.259922266219,1225.7817552194822,1109.6346065222988,823.3350096288768
581.5097673057676,201.34185071193693,1332.1102037059393,1203.7633103860562,1771.011074572129
223.31654322934745,1303.5925620224257,867.8264106476361,1910.382881675454,691.3606168249424
282.18549062366907,892.7422756572206,36.01198434457878,716.0789333692809,3304.487972673335
534.5878923343778,1260.1219091513456,1175.5891509305045,1508.2028481707591,1321.5424986934088
571.6170050353571,122.60988065458476,823.6926544772645,1368.3941642927102,1086.5121587586918
606.5552492001401,502.07335196854393,396.78895222075545,339.2507547415575,1292.2139431636974
195.29986615872022,2204.2945207158696,1676.6390348389868,774.9664434351696,1916.6037179174684
10.49578160012126,6.910031307200871,1655.7411790774677,123.38743097583895,361.4928235237229
522.4632223789656,492.4971791754313,366.6507292765939,1429.3052586723895,1811.0771330160048
549.4438483893946,986.0753546514968,488.59365264402965,151.01169676974305,1121.1397532220822
73.78228491998031,663.3374427359905,2934.2751419700458,315.42369899205005,4966.697074335988
333.58708704793077,1553.7160650342732,1041.8923236679373,690.2994421535908,3564.118894314088
121.97251347699054,152.4897883161119,132.9560328748876,320.8534461050864,1565.284269057981
508.4586919437906,1733.6345950227605,1611.5715996632107,1941.0840802926023,3059.5380124807157
1423.4934876140612,367.4294772025603,833.5127251190612,892.2726593618149,2470.8858404808516
353.8936501751636,759.5106831855562,700.8609279227863,530.7673729932147,4632.056512788926
159.12396395618356,314.3600909229579,593.8909221999434,431.64297434571523,513.5166816588544
1143.2385920082847,843.1256455624549,571.2585150948506,92.14587552914278,63.79263700852506
779.0453444074673,925.9765802915218,824.0308143871015,240.51156938619454,1589.8308719261709
656.9892948860108,1164.5334460947768,351.30271168080003,1208.945115658086,396.93068566620406
342.40162932754464,894.1860272263049,487.3009244151372,2237.361750705615,2102.900076199213
253.78157997724867,1283.3905889407342,92.01787307720838,2860.626895776923,1576.8764823110391
446.09964801632816,1496.981558241008,572.7566976382552,1339.218495622504,1352.2454288883202
908.2762150792358,1338.492811725007,499.36062706832,810.3944104645625,334.19806514017506
975.8911987182008,473.08901460319714,1371.8058471426953,832.7447663365587,1510.8952651938894
59.15051724707233,1198.3354041441519,217.37749654964517,694.1732267347434,3201.7594567050837
1043.9344497213815,643.498659834886,1611.915783196987,911.9537547668016,3334.628170334151
92.23045535723216,515.4826700585439,364.9572290265585,2738.443929732521,932.527963611414
202.14804670759716,805.0852281342518,347.40417137104845,489.94358796085123,471.5789631311869
622.0064805582002,597.4658852020386,946.655321760992,1448.9599594057036,1615.3145823215727
721.3355138353633,382.019455383845,648.719164474276,186.7065892727377,2053.841569240527
246.24895919121718,1020.0499228067893,443.207249650454,115.95672683923601,1240.6105815292603
733.3015873109581,1054.334648971989,683.0396832572376,2006.1928084626081,1493.8799607252754
243.93866601986545,1032.0318603269804,1240.5414430602002,303.9830848989872,764.0455294303908
375.89050050625934,984.2894053550964,2958.1719731858507,168.32955518488862,1891.9331029164596
1168.8694313000683,485.74224011544584,1103.5771642168,483.88273088340566,183.54657042550718
577.1369659993115,1269.6208434023715,479.28625414292753,1770.8847622718945,2257.41718286398
617.5707447310128,789.7927736985766,730.6810025349091,15.671744954911205,2312.4790962044603
93.24735456619372,1791.4890409295065,1437.4963965326838,841.677094683612,1407.671757808882
476.4873683255993,625.2652113530816,851.1944449138063,2087.114947784896,1214.4970042741977
946.0579145434602,299.662954661515,36.09688752419359,1029.1437656433566,1276.1944715368047
1084.9416669409463,1630.9942348548436,1289.7463113271122,1202.2166811235923,975.6979131707226
269.32964301973084,1390.2487838804386,593.4200099987175,1147.8008301255702,2342.473144265316
577.2277386818705,1194.4777633414358,684.9591068262193,3223.89778801289,2142.719648086102
808.6268790413849,1025.221096092347,436.7767864438218,3056.2677342351844,863.815357162017
482.6707731955164,1108.207188927336,1398.7603418660035,895.1368246089278,893.1416870894709
488.42095654586967,2054.276812006089,123.45545452558527,1017.2103655507809,1246.7867319252123
424.9312342941121,234.64868910574782,1255.4042807416165,1967.160734378624,386.8088123580151
321.2817987275161,628.4648758469791,1092.6677640745006,2010.3861951695028,1798.6554710656048
1265.9612982016483,214.11233422789462,497.78631802537063,1694.7711615963146,1885.0334185461747
285.9268375937159,240.5279903047423,211.75089890839544,2615.2896635322227,604.003151281544
928.0980934366858,227.92343209934162,636.3966443784126,564.060228710621,2675.301793876718
266.92261231566596,1093.9450008227886,68.55660628508626,1181.2416876418297,405.30971176378046
500.0513998302189,1308.5041842383114,984.9118539412455,734.156563252981,568.6720562342288
201.7215995086932,446.92386515086594,785.6055207076993,2601.004179856546,623.0104354943497
1084.8366586243908,690.0733991999269,926.7033894239686,1064.5095010398388,791.2005932670261
405.71481931867277,1223.0341589200664,954.2792734260968,549.0606337847191,3505.1418950321995
405.7132470524387,629.7025585257127,601.6818101297557,932.8719841312749,1669.900468850506
325.97584118464806,696.7911476161871,74.34475109206177,822.5524613910329,233.44634266691372
687.8131339579926,394.4690867405851,178.94047956935324,1680.2384725257282,2955.5446066500062
681.8507962781115,831.5595220247995,1321.551700587546,2377.8507767032143,1169.8511509359391
99.19519472610973,938.2526206892808,2301.9555041274803,3515.6912156522667,482.16220931379485
472.8973172433534,1130.691315095561,821.2754400918385,717.0317655012086,664.4771499002023
881.9729119333017,1455.757707812532,1647.6655620792706,569.5342171827763,376.5325797366855
214.79654231362363,1182.0632964877993,1759.3414652781184,1329.3660184540918,159.92266289672523
252.45398847549265,1565.0859767378154,817.676562904992,1331.6967636863026,2421.2986410690246
472.60182483480753,393.7527701601751,955.7351064417512,350.6197459036613,2963.990851509482
329.67414194081744,1555.5015518021355,1159.532821465361,590.1300041536725,763.5872430153594
280.9694075171315,610.3058743097381,1926.640236934925,1476.824191200309,218.88047098710643
729.6357267977338,413.6048020252634,1158.2283517446103,768.0883650158132,1355.9542688829483
856.9151153342546,481.82219741339946,1988.1852385470777,2486.0048716825145,1494.5046192056918
568.9069424273617,1112.1715721830699,1651.0188691173678,319.6448036013636,1500.1213251793058
523.9283393070222,377.3276520432304,1023.7151927817941,783.605712177798,1414.266473860644
369.7405018827836,756.3041525206135,163.95251895881808,505.93710291790137,428.69422516807634
812.2606428491863,113.31892090188813,649.883527893338,2032.1005260846289,772.7605390915287
